{
	"format_version": "1.8.0",
	"animations": {
		"drink_perk": {
			"animation_length": 2.5,
			"bones": {
				"head": {
					"rotation": {
						"0.0": [0, 0, 0],
						"1.125": [-17.5, 0, 0],
						"1.5833": [-17.5, 0, 0],
						"2.1667": [0, 0, 0]
					}
				},
				"left_arm": {
					"rotation": {
						"0.0": [0, 0, 0],
						"0.4167": [-84.0968, 39.85571, 22.90981],
						"0.8333": [-84.0968, 39.85571, 22.90981],
						"1.125": [0, 0, 0],
						"2.125": [0, 0, 0],
						"2.2917": [-110, 47.5, 0],
						"2.375": [-110, 47.5, 0],
						"2.5": [0, 0, 0]
					}
				},
				"right_arm": {
					"rotation": {
						"0.0": [0, 0, 0],
						"0.5833": [-43.39482, -27.79687, -26.25382],
						"1.125": [-125.53431, -51.29857, 40.8724],
						"1.5833": [-125.53431, -51.29857, 40.8724],
						"2.0833": [0, 0, 0]
					}
				},
				"Objet": {
					"rotation": [0, 0, 0],
					"position": [0, 0, 0]
				}
			}
		}
	}
}