{
	"format_version": "1.8.0",
	"animations": {
		"knife_sweep": {
			"animation_length": 0.7083,
			"bones": {
				"right_arm": {
					"rotation": {
						"0.0": [0, 0, 0],
						"0.0417": [-100, 0, 0],
						"0.2917": [-129.16869, -74.04208, 38.07076],
						"0.5": [0, 0, 0]
					},
					"position": {
						"0.0": [0, 0, 0],
						"0.0417": [0, 0, 0],
						"0.2917": [3, 0, -3],
						"0.5": [0, 0, 0]
					}
				},
				"head": {
					"rotation": {
						"0.0": [0, 0, 0],
						"0.1667": [0, -42.5, 0],
						"0.2083": [0, -42.5, 0],
						"0.3333": [0, 0, 0]
					},
					"position": [0, 0, 0]
				},
				"Objet": {
					"rotation": {
						"0.0": [0, 0, 0],
						"0.0417": [0, 0, 0],
						"0.5": [0, 0, 0],
						"0.7083": [0, 0, 0]
					},
					"position": {
						"0.0": [0, 0, 0],
						"0.0417": [0, 0, 0],
						"0.5": [0, 0, 0],
						"0.7083": [0, 0, 0]
					}
				}
			}
		}
	}
}